model,sbp_mae,sbp_rmse,sbp_r2,dbp_mae,dbp_rmse,dbp_r2
RandomForest,3.353595285873686,4.07453450790675,0.07136934355769686,1.8888279660928642,2.826001366544684,0.5363633210962648
XGBoost,3.364304780960083,4.091954194096864,0.06341195106506348,2.007516384124756,2.9103081375526836,0.508287787437439
GradientBoosting,3.350804571694659,4.133726466217667,0.04419238321718755,2.0884655717525367,2.853494699694315,0.52729827015545
