pat_mean_ms,pat_std_ms,heart_rate_bpm,sdnn,rmssd,ppg_amplitude,pulse_width_ms,accel_motion,gyro_motion,temperature
220.00049999999936,20.000500000000088,100.0000238095295,60.47913217779798,78.41376793331605,1508.3484158569404,209.99994999999996,9.973293793800096,0.03228574414074209,30.502684563758386
220.00049999999936,20.000500000000088,91.86016841030873,18.98610603104841,25.314027731674233,1555.8080543220794,228.60833333333338,9.97207795826739,0.032233949801753155,30.4286577181208
239.65999999999826,33.06163719479067,104.16482208127582,19.193660019912265,19.361052192478567,1118.292951461312,201.60356999999965,9.976472796328277,0.03284681999042257,30.276711409395972
