pat_mean_ms,pat_std_ms,heart_rate_bpm,sdnn,rmssd,ppg_amplitude,pulse_width_ms,accel_motion,gyro_motion,temperature
160.00000000000102,40.00000000000004,89.99999999999997,142.95764718576234,180.14494164422123,1798.197531936588,233.33333333333337,9.973749123339243,0.032229875313752696,31.816133333333322
160.0000000000007,32.65986323710908,80.6451396115216,105.28637756025189,161.10374887708153,1631.398740845339,260.40007,9.972964367686112,0.032332773400544045,31.56559999999999
169.578500000001,44.07587760612406,95.77015163607342,109.81006329112142,172.88608966599935,1985.6870579548488,219.27499999999998,9.975987698312325,0.03232248359186491,31.119866666666677
200.00000000000108,40.000000000000924,80.08085496990121,65.14956855334883,116.96107734484397,1955.450536411554,262.23496250000017,9.977200856641652,0.03237393263526059,31.083066666666674
218.48599999999863,20.485999999998228,93.77442042198491,117.99015038929775,192.59994833852022,2043.9760852668478,223.94166666666658,9.974230715670007,0.032415091869977125,31.058266666666665
179.50899999999947,18.491000000000923,95.5723862067384,62.86720913353945,119.75641385850868,2591.5722125872553,219.7287399999999,9.979602668472332,0.033201682848105596,30.643066666666673
